MaterialID,ArtefactID,MonumentID,LocationID,Findspot,FindspotCertainty,FindspotChecked,DateFrom,DateTo,DateChecked,DateNote,Materiality,ModernHolding,HoldingData,Publication,MaterialNote,DBInclusionReason,Media
1,,1,,,,,42,100,,,NA,,,,,,http://db.edcs.eu/epigr/bilder.php?bilder.php?s_language=en&bild=$CIL_03_03162a.jpg
2,,2,,,,,51,150,,,NA,,,,,,
3,,3,,,,,1,100,,,lapis,,,,,,http://db.edcs.eu/epigr/bilder.php?bilder.php?s_language=en&bild=$CIL_05_02498.jpg;$Tozzi-2017_00051.jpg;pp
4,,4,,,,,63,68,,,lapis,,,,,,
5,,5,,,,,1,100,,,NA,,,,,,
6,,6,,,,,1,100,,,NA,,,,,,
7,,7,,,,,70,86,,,opus figlinae,,,,,,
8,,8,,,,,1,70,,,opus figlinae,,,,,,
9,,9,,,,,70,86,,,opus figlinae,,,,,,
10,,10,,,,,1,70,,,opus figlinae,,,,,,
11,,11,,,,,1,100,,,NA,,,,,,http://db.edcs.eu/epigr/bilder.php?bilder.php?s_language=en&bild=$Legio-VII_00031.jpg;pp
12,,12,,,,,14,37,,,lapis,,,,,,http://db.edcs.eu/epigr/bilder.php?bilder.php?s_language=en&bild=$Legio-XV-Apo_00183.jpg
13,,13,,,,,42,100,,,NA,,,,,,
14,,14,,,,,42,150,,,NA,,,,,,
15,,15,,,,,71,150,,,lapis,,,,,,http://db.edcs.eu/epigr/bilder.php?bilder.php?s_language=en&bild=$CIL_03_14329.jpg;pp
16,,16,,,,,1,100,,,NA,,,,,,http://db.edcs.eu/epigr/bilder.php?bilder.php?s_language=en&bild=$ILJug-02_00825.jpg
17,,17,,,,,1,150,,,lapis,,,,,,http://db.edcs.eu/epigr/bilder.php?bilder.php?s_language=en&bild=pp
18,,18,,,,,1,42,,,lapis,,,,,,http://db.edcs.eu/epigr/bilder.php?bilder.php?s_language=en&bild=$M_CIL_03_14997-2_1.jpg;$M_CIL_03_14997-2_2.jpg;$AE_1903_00304.jpg;pp
19,,19,,,,,1,100,,,NA,,,,,,
20,,20,,,,,1,50,,,lapis,,,,,,
21,,21,,,,,42,69,,,NA,,,,,,http://db.edcs.eu/epigr/bilder.php?bilder.php?s_language=en&bild=$M_CIL_03_15004_1.jpg;$M_CIL_03_15004_2.jpg;pp
22,,22,,,,,42,69,,,NA,,,,,,
23,,23,,,,,42,69,,,NA,,,,,,
24,,24,,,,,42,69,,,lapis,,,,,,http://db.edcs.eu/epigr/bilder.php?bilder.php?s_language=en&bild=pp
25,,25,,,,,1,150,,,NA,,,,,,
26,,26,,,,,1,150,,,NA,,,,,,
27,,27,,,,,1,150,,,NA,,,,,,
28,,28,,,,,1,150,,,NA,,,,,,
29,,29,,,,,1,150,,,NA,,,,,,http://db.edcs.eu/epigr/bilder.php?bilder.php?s_language=en&bild=pp
30,,30,,,,,1,150,,,NA,,,,,,
31,,31,,,,,113,113,,,NA,,,,,,http://db.edcs.eu/epigr/bilder.php?bilder.php?s_language=en&bild=$M_AE_1908_00193_1.jpg;$M_AE_1908_00193_2.jpg;$M_AE_1908_00193_3.jpg;$M_AE_1908_00193_4.jpg;$M_AE_1908_00193_5.jpg;pp
32,,32,,,,,1,70,,,NA,,,,,,
33,,33,,,,,51,100,,,lapis,,,,,,
34,,34,,,,,1,150,,,NA,,,,,,http://db.edcs.eu/epigr/bilder.php?bilder.php?s_language=en&bild=pp
35,,35,,,,,1,150,,,NA,,,,,,http://db.edcs.eu/epigr/bilder.php?bilder.php?s_language=en&bild=pp
36,,36,,,,,1,150,,,NA,,,,,,http://db.edcs.eu/epigr/bilder.php?bilder.php?s_language=en&bild=$M_CIL_03_15029b.jpg;pp
37,,37,,,,,101,150,,,NA,,,,,,http://db.edcs.eu/epigr/bilder.php?bilder.php?s_language=en&bild=pp
38,,38,,,,,1,100,,,NA,,,,,,http://db.edcs.eu/epigr/bilder.php?bilder.php?s_language=en&bild=$M_CIL_03_15031.jpg;pp
39,,39,,,,,1,150,,,NA,,,,,,http://db.edcs.eu/epigr/bilder.php?bilder.php?s_language=en&bild=$M_CIL_03_15033_1.jpg;$M_CIL_03_15033_2.jpg;pp
40,,40,,,,,71,130,,,lapis,,,,,,http://db.edcs.eu/epigr/bilder.php?bilder.php?s_language=en&bild=$M_CIL_03_15036a_1.jpg;$M_CIL_03_15036a_2.jpg
41,,41,,,,,1,150,,,NA,,,,,,
42,,42,,,,,9,70,,,NA,,,,,,http://db.edcs.eu/epigr/bilder.php?bilder.php?s_language=en&bild=$REMCacak_00013.jpg
43,,43,,,,,1,100,,,rupes,,,,,,
44,,44,,,,,1,150,,,NA,,,,,,
45,,45,,,,,1,150,,,NA,,,,,,
46,,46,,,,,14,20,,,NA,,,,,,http://db.edcs.eu/epigr/bilder.php?bilder.php?s_language=en&bild=$ILJug-02_00636_1.jpg
47,,47,,,,,42,100,,,NA,,,,,,
48,,48,,,,,1,150,,,NA,,,,,,
49,,49,,,,,1,150,,,NA,,,,,,http://db.edcs.eu/epigr/bilder.php?bilder.php?s_language=en&bild=$CIL_03_09760.jpg
50,,50,,,,,42,150,,,NA,,,,,,
51,,51,,,,,41,100,,,NA,,,,,,
52,,52,,,,,42,100,,,NA,,,,,,http://db.edcs.eu/epigr/bilder.php?bilder.php?s_language=en&bild=$Legio-VII_00044.jpg
53,,53,,,,,117,150,,,NA,,,,,,
54,,54,,,,,42,100,,,lapis,,,,,,
55,,55,,,,,42,150,,,NA,,,,,,http://db.edcs.eu/epigr/bilder.php?bilder.php?s_language=en&bild=$M_CIL_03_02772_1.jpg;$M_CIL_03_02772_2.jpg;$M_CIL_03_02772_3.jpg;$M_CIL_03_02772_4.jpg
56,,56,,,,,71,100,,,NA,,,,,,
57,,57,,,,,31,100,,,NA,,,,,,http://db.edcs.eu/epigr/bilder.php?bilder.php?s_language=en&bild=$Legio-VII_00037.jpg
58,,58,,,,,41,54,,,lapis,,,,,,http://db.edcs.eu/epigr/bilder.php?bilder.php?s_language=en&bild=$Legio-VII_00098.jpg
59,,59,,,,,51,100,,,NA,,,,,,
60,,60,,,,,1,100,,,lapis,,,,,,http://db.edcs.eu/epigr/bilder.php?bilder.php?s_language=en&bild=$PF_AE_1994_01358.jpg;$PF_AE_1994_01358_1.jpg;$AE_1994_01358.jpg;pp
61,,61,,,,,1,42,,,NA,,,,,,http://db.edcs.eu/epigr/bilder.php?bilder.php?s_language=en&bild=$Legio-VII_00021.jpg
62,,62,,,,,71,150,,,NA,,,,,,
63,,63,,,,,71,130,,,lapis,,,,,,http://db.edcs.eu/epigr/bilder.php?bilder.php?s_language=en&bild=$Doclea_00022.jpg;$CILGM_00103_2.jpg;$CILGM_00103_2_1.jpg;pp
64,,64,,,,,71,130,,,lapis,,,,,,http://db.edcs.eu/epigr/bilder.php?bilder.php?s_language=en&bild=$CILGM_00103_1.jpg;$CILGM_00103_1_1.jpg;$CILGM_00103-1_2.jpg;pp
65,,65,,,,,71,130,,,lapis,,,,,,http://db.edcs.eu/epigr/bilder.php?bilder.php?s_language=en&bild=$CILGM_00103_4.jpg;pp
66,,66,,,,,71,130,,,NA,,,,,,http://db.edcs.eu/epigr/bilder.php?bilder.php?s_language=en&bild=$Doclea_00023.jpg;$CILGM_00104.jpg;$CILGM_00105.jpg
67,,67,,,,,1,150,,,lapis,,,,,,
68,,68,,,,,71,150,,,lapis,,,,,,http://db.edcs.eu/epigr/bilder.php?bilder.php?s_language=en&bild=$CILGM_00204.jpg
69,,69,,,,,1,100,,,NA,,,,,,
70,,70,,,,,1,100,,,lapis,,,,,,
71,,71,,,,,9,69,,,NA,,,,,,
72,,72,,,,,9,42,,,lapis,,,,,,http://db.edcs.eu/epigr/bilder.php?bilder.php?s_language=en&bild=$PF_CIL_03_02709.jpg;$D_02252.jpg;$Legio-VII_00002.jpg;pp
73,,73,,,,,1,40,,,lapis,,,,,,http://db.edcs.eu/epigr/bilder.php?bilder.php?s_language=en&bild=$D_02253_1.jpg;$D_02253_2.jpg;$Legio-VII_00012_1.jpg;$Legio-VII_00012_2.jpg
74,,74,,,,,9,69,,,NA,,,,,,
75,,75,,,,,61,70,,,lapis,,,,,,http://db.edcs.eu/epigr/bilder.php?bilder.php?s_language=en&bild=$CIL_03_09727.jpg;$PF_CIL_03_02712.jpg;$PF_CIL_03_02712_1.jpg
76,,76,,,,,1,150,,,NA,,,,,,
77,,77,,,,,9,56,,,NA,,,,,,
78,,78,,,,,42,100,,,NA,,,,,,
79,,79,,,,,9,56,,,NA,,,,,,http://db.edcs.eu/epigr/bilder.php?bilder.php?s_language=en&bild=$Legio-VII_00046.jpg
80,,80,,,,,9,56,,,NA,,,,,,
81,,81,,,,,14,37,,,NA,,,,,,
82,,82,,,,,1,150,,,NA,,,,,,
83,,83,,,,,51,100,,,lapis,,,,,,http://db.edcs.eu/epigr/bilder.php?bilder.php?s_language=en&bild=$M_CIL_03_02723_1.jpg;$PF_CIL_03_02723.jpg;$PF_CIL_03_02723_1.jpg
84,,84,,,,,1,150,,,NA,,,,,,
85,,85,,,,,1,150,,,NA,,,,,,
86,,86,,,,,9,56,,,lapis,,,,,,http://db.edcs.eu/epigr/bilder.php?bilder.php?s_language=en&bild=$Legio-VII_00008.jpg;$PF_CIL_03_09733.jpg
87,,87,,,,,9,56,,,lapis,,,,,,http://db.edcs.eu/epigr/bilder.php?bilder.php?s_language=en&bild=$Legio-VII_00026.jpg;$PF_CIL_03_09734.jpg;$PF_CIL_03_09734_1.jpg;$PF_CIL_03_09734_2.jpg
88,,88,,,,,71,130,,,NA,,,,,,
89,,89,,,,,1,42,,,lapis,,,,,,http://db.edcs.eu/epigr/bilder.php?bilder.php?s_language=en&bild=$Legio-VII_00034.jpg;$PF_CIL_03_09737.jpg
90,,90,,,,,101,150,,,NA,,,,,,
91,,91,,,,,9,56,,,NA,,,,,,http://db.edcs.eu/epigr/bilder.php?bilder.php?s_language=en&bild=$Legio-VII_00068.jpg
92,,92,,,,,9,56,,,NA,,,,,,
93,,93,,,,,1,150,,,NA,,,,,,
94,,94,,,,,1,150,,,NA,,,,,,
95,,95,,,,,51,100,,,lapis,,,,,,http://db.edcs.eu/epigr/bilder.php?bilder.php?s_language=en&bild=$CIL_03_13975.jpg;$PF_CIL_03_13975.jpg
96,,96,,,,,42,100,,,lapis,,,,,,http://db.edcs.eu/epigr/bilder.php?bilder.php?s_language=en&bild=$Legio-VII_00025.jpg;$PF_CIL_03_13976.jpg
97,,97,,,,,1,100,,,NA,,,,,,
98,,98,,,,,9,42,,,NA,,,,,,http://db.edcs.eu/epigr/bilder.php?bilder.php?s_language=en&bild=$Legio-VII_00047.jpg;pp
99,,99,,,,,9,56,,,lapis,,,,,,http://db.edcs.eu/epigr/bilder.php?bilder.php?s_language=en&bild=$Legio-VII_00029.jpg;$PF_CIL_03_14931.jpg;$PF_CIL_03_14931_1.jpg
100,,100,,,,,9,42,,,lapis,,,,,,http://db.edcs.eu/epigr/bilder.php?bilder.php?s_language=en&bild=$Legio-VII_00039.jpg;$PF_CIL_03_14932.jpg
101,,101,,,,,1,150,,,lapis,,,,,,http://db.edcs.eu/epigr/bilder.php?bilder.php?s_language=en&bild=$Legio-VII_00048.jpg
102,,102,,,,,51,100,,,lapis,,,,,,http://db.edcs.eu/epigr/bilder.php?bilder.php?s_language=en&bild=$D_09164.jpg;$D_09164_1.jpg;$PF_CIL_03_14934.jpg
103,,103,,,,,1,150,,,NA,,,,,,
104,,104,,,,,1,150,,,NA,,,,,,
105,,105,,,,,1,150,,,NA,,,,,,
106,,106,,,,,1,150,,,NA,,,,,,
107,,107,,,,,1,150,,,NA,,,,,,
108,,108,,,,,51,100,,,NA,,,,,,
109,,109,,,,,71,130,,,lapis,,,,,,http://db.edcs.eu/epigr/bilder.php?bilder.php?s_language=en&bild=$PF_CIL_03_09782.jpg;$M_CIL_03_09782_1.jpg
110,,110,,,,,1,50,,,lapis,,,,,,
111,,111,,,,,71,150,,,NA,,,,,,
112,,112,,,,,42,100,,,NA,,,,,,http://db.edcs.eu/epigr/bilder.php?bilder.php?s_language=en&bild=PEC0009117
113,,113,,,,,1,100,,,lapis,,,,,,
114,,114,,,,,42,69,,,lapis,,,,,,
115,,115,,,,,108,130,,,lapis,"Sarajevo, Zem. Muz.",,,,,http://db.edcs.eu/epigr/bilder.php?bilder.php?s_language=en&bild=$ILJug-03_01627_1.jpg;$ILJug-03_01627_2.jpg
116,,116,,,,,1,150,,,NA,,,,,,
117,,117,,,,,71,100,,,lapis,,,,,,http://db.edcs.eu/epigr/bilder.php?bilder.php?s_language=en&bild=PH0012436;pp
118,,118,,,,,1,42,,,lapis,,,,,,http://db.edcs.eu/epigr/bilder.php?bilder.php?s_language=en&bild=$Legio-VII_00032_1.jpg;$Legio-VII_00032_2.jpg;pp
119,,119,,,,,1,42,,,lapis,,,,,,http://db.edcs.eu/epigr/bilder.php?bilder.php?s_language=en&bild=$Legio-VII_00063_1.jpg;$Legio-VII_00063_2.jpg
120,,120,,,,,1,50,,,lapis,,,,,,
121,,121,,,,,31,70,,,NA,,,,,,
122,,122,,,,,101,150,,,lapis,,,,,,
123,,123,,,,,1,100,,,lapis,,,,,,http://db.edcs.eu/epigr/bilder.php?bilder.php?s_language=en&bild=PH0012437;pp
124,,124,,,,,1,70,,,lapis,,,,,,http://db.edcs.eu/epigr/bilder.php?bilder.php?s_language=en&bild=PH0012438;pp
125,,125,,,,,51,150,,,lapis,,,,,,http://db.edcs.eu/epigr/bilder.php?bilder.php?s_language=en&bild=PH0012434;pp
126,,126,,,,,31,70,,,lapis,,,,,,http://db.edcs.eu/epigr/bilder.php?bilder.php?s_language=en&bild=PH0012439;pp
127,,127,,,,,51,100,,,lapis,,,,,,
128,,128,,,,,51,150,,,lapis,,,,,,http://db.edcs.eu/epigr/bilder.php?bilder.php?s_language=en&bild=PH0012412
129,,129,,,,,21,30,,,lapis,,,,,,http://db.edcs.eu/epigr/bilder.php?bilder.php?s_language=en&bild=$Legio-VII_00060.jpg;pp
130,,130,,,,,1,100,,,lapis,,,,,,
131,,131,,,,,1,50,,,lapis,,,,,,http://db.edcs.eu/epigr/bilder.php?bilder.php?s_language=en&bild=$Legio-VII_00066.jpg
132,,132,,,,,1,70,,,NA,,,,,,
133,,133,,,,,31,70,,,NA,,,,,,
134,,134,,,,,9,70,,,lapis,,,,,,http://db.edcs.eu/epigr/bilder.php?bilder.php?s_language=en&bild=$Legio-VII_00055.jpg
135,,135,,,,,1,100,,,lapis,,,,,,http://db.edcs.eu/epigr/bilder.php?bilder.php?s_language=en&bild=pp
136,,136,,,,,31,70,,,lapis,,,,,,http://db.edcs.eu/epigr/bilder.php?bilder.php?s_language=en&bild=PH0012440
137,,137,,,,,31,130,,,NA,,,,,,http://db.edcs.eu/epigr/bilder.php?bilder.php?s_language=en&bild=$Legio-VII_00058.jpg;pp
138,,138,,,,,1,100,,,lapis,,,,,,
139,,139,,,,,1,150,,,NA,,,,,,
140,,140,,,,,1,150,,,lapis,,,,,,http://db.edcs.eu/epigr/bilder.php?bilder.php?s_language=en&bild=$M_CIL_03_10094.jpg;$PF_CIL_03_10094.jpg
141,,141,,,,,42,70,,,NA,,,,,,
142,,142,,,,,42,69,,,lapis,,,,,,http://db.edcs.eu/epigr/bilder.php?bilder.php?s_language=en&bild=$AE_1999_01235.jpg;$AE_1999_01235_1.jpg
143,,143,,,,,42,70,,,NA,,,,,,
144,,144,,,,,42,70,,,NA,,,,,,
145,,145,,,,,117,150,,,lapis,,,,,,http://db.edcs.eu/epigr/bilder.php?bilder.php?s_language=en&bild=pp
146,,146,,,,,1,150,,,lapis,,,,"cf. AE 2016, 01207*",,http://db.edcs.eu/epigr/bilder.php?bilder.php?s_language=en&bild=pp
147,,147,,,,,42,100,,,lapis,,,,,,
148,,148,,,,,42,100,,,NA,,,,,,
149,,149,,,,,9,42,,,lapis,,,,,,
150,,150,,,,,-20,9,,,NA,,,,,,
151,,151,,,,,1,150,,,NA,,,,,,
152,,152,,,,,42,69,,,NA,,,,,,
153,,153,,,,,1,100,,,NA,,,,,,
154,,154,,,,,1,50,,,lapis,,,,,,http://db.edcs.eu/epigr/bilder.php?bilder.php?s_language=en&bild=$AE_1980_00688.jpg;$AE_1980_00688_1.jpg
155,,155,,,,,1,100,,,NA,,,,,,
156,,156,,,,,1,100,,,NA,,,,,,
157,,157,,,,,88,96,,,lapis,,,,,,
158,,158,,,,,42,69,,,NA,,,,,,
159,,159,,,,,1,150,,,NA,,,,,,
160,,160,,,,,42,100,,,lapis,,,,,,
161,,161,,,,,51,52,,,lapis,,,,,,"http://db.edcs.eu/epigr/bilder.php?bilder.php?s_language=en&bild=$M_CIL_03_14221,16_1.jpg;$M_CIL_03_14221,16_2.jpg;$M_CIL_03_14221,16_3.jpg;$M_CIL_03_14221,16_4.jpg;pp"
162,,162,,,,,1,150,,,NA,,,,,,http://db.edcs.eu/epigr/bilder.php?bilder.php?s_language=en&bild=pp
163,,163,,,,,102,117,,,NA,,,,,,http://db.edcs.eu/epigr/bilder.php?bilder.php?s_language=en&bild=$M_CIL_03_14988.jpg;pp
164,,164,,,,,31,130,,,NA,,,,,,http://db.edcs.eu/epigr/bilder.php?bilder.php?s_language=en&bild=$M_CIL_03_14991_1.jpg;$M_CIL_03_14991_2.jpg
165,,165,,,,,1,150,,,NA,,,,,,http://db.edcs.eu/epigr/bilder.php?bilder.php?s_language=en&bild=pp
166,,166,,,,,1,150,,,NA,,,,,,http://db.edcs.eu/epigr/bilder.php?bilder.php?s_language=en&bild=pp
167,,167,,,,,1,100,,,NA,,,,,,
168,,168,,,,,69,86,,,NA,,,,,,http://db.edcs.eu/epigr/bilder.php?bilder.php?s_language=en&bild=$M_CIL_03_14995_1.jpg;$M_CIL_03_14995_2.jpg;pp
169,,169,,,,,9,69,,,lapis,,,,,,
170,,170,,,,,42,69,,,NA,,,,,,http://db.edcs.eu/epigr/bilder.php?bilder.php?s_language=en&bild=$M_CIL_03_14997.jpg;pp
171,,171,,,,,42,69,,,NA,,,,,,
172,,172,,,,,42,69,,,NA,,,,,,
173,,173,,,,,42,69,,,NA,,,,,,http://db.edcs.eu/epigr/bilder.php?bilder.php?s_language=en&bild=$M_CIL_03_14999.jpg
174,,174,,,,,9,69,,,NA,,,,,,http://db.edcs.eu/epigr/bilder.php?bilder.php?s_language=en&bild=$AE_1900_00044.jpg
175,,175,,,,,76,100,,,lapis,,,,,,http://db.edcs.eu/epigr/bilder.php?bilder.php?s_language=en&bild=pp
176,,176,,,,,76,77,,,lapis,,,,,,http://db.edcs.eu/epigr/bilder.php?bilder.php?s_language=en&bild=$FRMEC-141.jpg;$NEU_FRMEC_p141.jpg;$EAOR-09_cat._00027.jpg
177,,177,,,,,1,150,,,lapis,,,,,,
178,,178,,,,,41,69,,,lapis,,,,,,http://db.edcs.eu/epigr/bilder.php?bilder.php?s_language=en&bild=$M_ILJug-02_00835_1.jpg;$M_ILJug-02_00835_2.jpg;pp
179,,179,,,,,42,69,,,lapis,,,,,,http://db.edcs.eu/epigr/bilder.php?bilder.php?s_language=en&bild=$M_ILJug-02_00836_1.jpg;$M_ILJug-02_00836_2.jpg;$ILJug_00836.jpg;$ILJug_00836_1.jpg;$ILJug-02_00836_2.jpg
180,,180,,,,,42,69,,,lapis,,,,,,
181,,181,,,,,42,69,,,lapis,,,,,,http://db.edcs.eu/epigr/bilder.php?bilder.php?s_language=en&bild=pp
182,,182,,,,,42,69,,,lapis,,,,,,http://db.edcs.eu/epigr/bilder.php?bilder.php?s_language=en&bild=pp
183,,183,,,,,42,69,,,NA,,,,,,http://db.edcs.eu/epigr/bilder.php?bilder.php?s_language=en&bild=pp
184,,184,,,,,1,71,,,lapis,,,,,,http://db.edcs.eu/epigr/bilder.php?bilder.php?s_language=en&bild=$ILJug-02_00841.jpg;$ILJug-02_00841_1.jpg
185,,185,,,,,1,50,,,lapis,,,,,,http://db.edcs.eu/epigr/bilder.php?bilder.php?s_language=en&bild=pp
186,,186,,,,,6,41,,,NA,,,,,,http://db.edcs.eu/epigr/bilder.php?bilder.php?s_language=en&bild=$AE_1971_00299.jpg;pp
187,,187,,,,,1,100,,,NA,,,,,,
188,,188,,,,,1,50,,,lapis,,,,,,http://db.edcs.eu/epigr/bilder.php?bilder.php?s_language=en&bild=pp
189,,189,,,,,1,150,,,lapis,,,,,,http://db.edcs.eu/epigr/bilder.php?bilder.php?s_language=en&bild=pp
190,,190,,,,,1,150,,,lapis,,,,,,http://db.edcs.eu/epigr/bilder.php?bilder.php?s_language=en&bild=pp
191,,191,,,,,71,80,,,NA,,,,,,
192,,192,,,,,1,150,,,lapis,,,,cinerarium,,
193,,193,,,,,50,50,,,NA,,,,,,
194,,194,,,,,9,69,,,NA,,,,,,http://db.edcs.eu/epigr/bilder.php?bilder.php?s_language=en&bild=pp
195,,195,,,,,42,69,,,NA,,,,,,http://db.edcs.eu/epigr/bilder.php?bilder.php?s_language=en&bild=$M_ILJug-03_02812.jpg;pp
196,,196,,,,,42,69,,,NA,,,,,,http://db.edcs.eu/epigr/bilder.php?bilder.php?s_language=en&bild=pp
197,,197,,,,,1,100,,,lapis,,,,,,http://db.edcs.eu/epigr/bilder.php?bilder.php?s_language=en&bild=$ILJug-03_02817_1.jpg;$ILJug-03_02817_2.jpg;pp
198,,198,,,,,31,70,,,NA,,,,,,http://db.edcs.eu/epigr/bilder.php?bilder.php?s_language=en&bild=pp
199,,199,,,,,1,100,,,lapis,,,,,,
200,,200,,,,,1,50,,,lapis,,,,,,http://db.edcs.eu/epigr/bilder.php?bilder.php?s_language=en&bild=$AE_1925_00132.jpg;$ILJug_02820.jpg;$M_ILJug-03_02820_1.jpg;$M_ILJug-03_02820_2.jpg;$ILJug-03_02820_3.jpg;pp
201,,201,,,,,6,41,,,NA,,,,,,http://db.edcs.eu/epigr/bilder.php?bilder.php?s_language=en&bild=$ZPE-199-236_1.jpg;$ZPE-199-236_2.jpg
202,,202,,,,,42,69,,,lapis,,,,,,
203,,203,,,,,37,41,,,lapis,,,,,,
204,,204,,,,,51,100,,,lapis,,,,,,
205,,205,,,,,42,100,,,NA,,,,,,
206,,206,,,,,1,150,,,NA,,,,,,
207,,207,,,,,71,150,,,NA,,,,,,http://db.edcs.eu/epigr/bilder.php?bilder.php?s_language=en&bild=$M_CIL_03_02887_1.jpg;$M_CIL_03_02887_2.jpg;pp
208,,208,,,,,63,68,,,lapis,,,,"PIR C 1348, PIR D 201",,http://db.edcs.eu/epigr/bilder.php?bilder.php?s_language=en&bild=$Legio-VII_00092.jpg;pp
209,,209,,,,,42,100,,,NA,,,,,,
210,,210,,,,,63,68,,,lapis,,,,,,
211,,211,,,,,71,80,,,lapis,,,,,,
212,,212,,,,,31,70,,,lapis,,,,,,http://db.edcs.eu/epigr/bilder.php?bilder.php?s_language=en&bild=pp
213,,213,,,,,1,150,,,NA,,,,,,
214,,214,,,,,1,30,,,NA,,,,,,
215,,215,,,,,42,69,,,NA,,,,,,
216,,216,,,,,1,150,,,NA,,,,,,
217,,217,,,,,42,100,,,NA,,,,,,
218,,218,,,,,42,100,,,NA,,,,,,
219,,219,,,,,42,100,,,NA,,,,,,
220,,220,,,,,9,42,,,NA,,,,,,http://db.edcs.eu/epigr/bilder.php?bilder.php?s_language=en&bild=PEC0008804
221,,221,,,,,11,100,,,NA,,,,,,
222,,222,,,,,1,100,,,NA,,,,,,
223,,223,,,,,1,150,,,NA,,,,,,
224,,224,,,,,1,150,,,NA,,,,,,
225,,225,,,,,9,69,,,NA,,,,,,
226,,226,,,,,10,17,,,NA,,,,,,
227,,227,,,,,42,69,,,NA,,,,,,http://db.edcs.eu/epigr/bilder.php?bilder.php?s_language=en&bild=pp
228,,228,,,,,101,150,,,NA,,,,,,
229,,229,,,,,80,83,,,rupes,,,,,,http://db.edcs.eu/epigr/bilder.php?bilder.php?s_language=en&bild=$AEHercegovine_00046.jpg;pp
230,,230,,,,,1,100,,,NA,,,,,,
231,,231,,,,,37,41,,,lapis,,,,,,http://db.edcs.eu/epigr/bilder.php?bilder.php?s_language=en&bild=$Legio-VII_00095.jpg;$PF_CIL_03_14243-6.jpg;$PF_CIL_03_08472.jpg
232,,232,,,,,1,100,,,NA,,,,,,
233,,233,,,,,14,69,,,NA,,,,,,
234,,234,,,,,101,150,,,NA,,,,,,
235,,235,,,,,1,40,,,rupes,,,,,,http://db.edcs.eu/epigr/bilder.php?bilder.php?s_language=en&bild=$Legio-VII_00017.jpg;pp
236,,236,,,,,1,150,,,lapis,,,,,,
237,,237,,,,,1,150,,,NA,,,,,,
238,,238,,,,,1,40,,,rupes,,,,,,http://db.edcs.eu/epigr/bilder.php?bilder.php?s_language=en&bild=$Legio-VII_00011.jpg
239,,239,,,,,1,150,,,NA,,,,,,
240,,240,,,,,71,150,,,opus figlinae,,,,,,
241,,241,,,,,14,37,,,lapis,,,,,,
242,,242,,,,,1,100,,,lapis,,,,,,http://db.edcs.eu/epigr/bilder.php?bilder.php?s_language=en&bild=$AE_1950_00109.jpg;$AE_1950_00109_1.jpg
243,,243,,,,,1,100,,,lapis,,,,,,
244,,244,,,,,14,37,,,lapis,,,,,,http://db.edcs.eu/epigr/bilder.php?bilder.php?s_language=en&bild=$Legio-XV-Apo_00133.jpg;pp
245,,245,,,,,1,100,,,NA,,,,,,
246,,246,,,,,1,100,,,lapis,,,,,,http://db.edcs.eu/epigr/bilder.php?bilder.php?s_language=en&bild=$Kurilic_00054.jpg;pp
247,,247,,,,,1,100,,,lapis,,,,,,http://db.edcs.eu/epigr/bilder.php?bilder.php?s_language=en&bild=$PF_BAHD-1994-96-42a.jpg
248,,248,,,,,9,69,,,NA,,,,,,http://db.edcs.eu/epigr/bilder.php?bilder.php?s_language=en&bild=pp
249,,249,,Church St. Martin cemetery,,,9,69,,,lapis,"Zadar, Arh. Muz.",,,,,http://db.edcs.eu/epigr/bilder.php?bilder.php?s_language=en&bild=$M_CIL_03_06418_1.jpg;$M_CIL_03_06418_2.jpg;pp
250,,250,,,,,1,150,,,lapis,,,,,,
251,,251,,,,,101,130,,,lapis,,,,,,http://db.edcs.eu/epigr/bilder.php?bilder.php?s_language=en&bild=$CIL_03_09960.jpg
252,,252,,,,,51,130,,,NA,,,,,,
253,,253,,,,,1,100,,,NA,,,,,,http://db.edcs.eu/epigr/bilder.php?bilder.php?s_language=en&bild=pp
254,,254,,,,,1,150,,,NA,,,,,,
255,,255,,,,,92,92,,,lapis,,,,,,
256,,256,,,,,1,70,,,opus figlinae,,,,,,
257,,257,,,,,1,70,,,opus figlinae,,,,,,
258,,258,,,,,1,50,,,NA,,,,,,http://db.edcs.eu/epigr/bilder.php?bilder.php?s_language=en&bild=pp
259,,259,,,,,1,70,,,NA,,,,,,http://db.edcs.eu/epigr/bilder.php?bilder.php?s_language=en&bild=pp
260,,260,,,,,14,20,,,lapis,,,,,,
261,,261,,,,,31,100,,,NA,,,,,,
262,,262,,,,,1,100,,,lapis,,,,,,http://db.edcs.eu/epigr/bilder.php?bilder.php?s_language=en&bild=$M_AE_1980_00689_1.jpg;$M_AE_1980_00689_2.jpg;pp
263,,263,,,,,1,150,,,NA,,,,,,
264,,264,,,,,51,150,,,NA,,,,,,http://db.edcs.eu/epigr/bilder.php?bilder.php?s_language=en&bild=$JL_EDCS-30900100.jpg;pp
265,,265,,,,,114,117,,,lapis,,,,,,http://db.edcs.eu/epigr/bilder.php?bilder.php?s_language=en&bild=$CILGM_00002_1.jpg;$CILGM_00002_2.jpg
266,,266,,,,,9,42,,,rupes,,,,,,
267,,267,,,,,1,150,,,NA,,,,,,
268,,268,,,,,42,150,,,NA,,,,,,
269,,269,,,,,51,150,,,NA,,,,,,
270,,270,,,,,41,74,,,lapis,,,,,,
271,,271,,,,,42,57,,,NA,,,,,,http://db.edcs.eu/epigr/bilder.php?bilder.php?s_language=en&bild=$Legio-VII_00089.jpg;$M_AE_1981_00699.jpg
272,,272,,,,,1,100,,,lapis,,,,,,
273,,273,,,,,46,100,,,lapis,,,,,,http://db.edcs.eu/epigr/bilder.php?bilder.php?s_language=en&bild=$PF_ILJug-03_01963.jpg;$M_ILJug-03_01963_1.jpg
274,,274,,,,,31,70,,,rupes,,,,,,
275,,275,,,,,9,42,,,rupes,,,,,,
276,,276,,,,,1,100,,,NA,,,,,,
277,,277,,,,,51,80,,,lapis,,,,,,http://db.edcs.eu/epigr/bilder.php?bilder.php?s_language=en&bild=$PF_AE_2009_01015.jpg;pp
278,,278,,,,,102,117,,,NA,,,,,,
279,,279,,,,,1,150,,,lapis,,,,,,http://db.edcs.eu/epigr/bilder.php?bilder.php?s_language=en&bild=$PF_CIL_03_01952.jpg;pp
280,,280,,,,,71,100,,,NA,,,,,,
281,,281,,,,,51,150,,,NA,,,,,,
282,,282,,,,,42,130,,,NA,,,,,,http://db.edcs.eu/epigr/bilder.php?bilder.php?s_language=en&bild=$CIL_03_02014.jpg
283,,283,,,,,1,100,,,lapis,,,,,,http://db.edcs.eu/epigr/bilder.php?bilder.php?s_language=en&bild=$PF_CIL_03_02016.jpg;pp
284,,284,,,,,1,100,,,NA,,,,,,
285,,285,,,,,14,37,,,NA,,,,,,
286,,286,,,,,1,100,,,lapis,,,,,,http://db.edcs.eu/epigr/bilder.php?bilder.php?s_language=en&bild=$Legio-VII_00027.jpg;$PF_CIL_03_02019.jpg
287,,287,,,,,71,100,,,NA,,,,,,
288,,288,,,,,42,100,,,NA,,,,,,
289,,289,,,,,71,100,,,NA,,,,,,
290,,290,,,,,71,150,,,NA,,,,,,
291,,291,,,,,41,41,,,NA,,,,,,
292,,292,,,,,106,150,,,NA,,,,,,
293,,293,,,,,41,54,,,lapis,,,,,,http://db.edcs.eu/epigr/bilder.php?bilder.php?s_language=en&bild=$PF_CIL_03_02030_4.jpg;$PF_CIL_03_02030_5.jpg;$M_CIL_03_02030_1.jpg;$CIL_03_02030_4.jpg;$CIL_03_02030_1.jpg;$CIL_03_02030_2.jpg;$CIL_03_02030_3.jpg
294,,294,,,,,9,70,,,NA,,,,,,
295,,295,,,,,1,41,,,NA,,,,,,
296,,296,,,,,71,150,,,NA,,,,,,
297,,297,,,,,51,150,,,NA,,,,,,
298,,298,,,,,101,150,,,NA,,,,,,
299,,299,,,,,1,150,,,NA,,,,,,
300,,300,,,,,42,100,,,lapis,,,,,,http://db.edcs.eu/epigr/bilder.php?bilder.php?s_language=en&bild=$PF_CIL_03_02040.jpg;$Legio-VII_00035.jpg;pp
301,,301,,,,,42,100,,,lapis,,,,,,http://db.edcs.eu/epigr/bilder.php?bilder.php?s_language=en&bild=$PF_CIL_03_02041.jpg;$PF_CIL_03_02041_1.jpg
302,,302,,,,,9,100,,,NA,,,,,,
303,,303,,,,,1,150,,,NA,,,,,,
304,,304,,,,,1,150,,,NA,,,,,,
305,,305,,,,,51,150,,,NA,,,,,,
306,,306,,,,,1,150,,,NA,,,,,,
307,,307,,,,,1,150,,,NA,,,,,,http://db.edcs.eu/epigr/bilder.php?bilder.php?s_language=en&bild=$MC_CIL_03_02055.jpg
308,,308,,,,,42,150,,,NA,,,,,,
309,,309,,,,,1,150,,,NA,,,,,,http://db.edcs.eu/epigr/bilder.php?bilder.php?s_language=en&bild=$CIL_03_02057.jpg
310,,310,,,,,71,100,,,lapis,,,,,,http://db.edcs.eu/epigr/bilder.php?bilder.php?s_language=en&bild=$CIL_03_02062_1.jpg;$CIL_03_02062_2.jpg;$CIL_03_02062_3.jpg;pp
311,,311,,,,,41,150,,,NA,,,,,,
312,,312,,,,,101,150,,,NA,,,,,,
313,,313,,,,,9,57,,,NA,,,,,,
314,,314,,,,,16,17,,,lapis,,,,,,http://db.edcs.eu/epigr/bilder.php?bilder.php?s_language=en&bild=$Legio-VII_00091.jpg;$PF_CIL_03_03200.jpg;pp
315,,315,,,,,9,56,,,NA,,,,,,http://db.edcs.eu/epigr/bilder.php?bilder.php?s_language=en&bild=$Legio-VII_00088.jpg;PEC0008465
316,,316,,,,,1,100,,,NA,,,,,,
317,,317,,,,,101,130,,,lapis,,,,,,http://db.edcs.eu/epigr/bilder.php?bilder.php?s_language=en&bild=$PF_CIL_03_08716.jpg
318,,318,,,,,1,40,,,lapis,,,,,,http://db.edcs.eu/epigr/bilder.php?bilder.php?s_language=en&bild=$Legio-VII_00005.jpg
319,,319,,,,,71,130,,,lapis,,,,cinerarium,,
320,,320,,,,,1,150,,,lapis,,,,,,http://db.edcs.eu/epigr/bilder.php?bilder.php?s_language=en&bild=$CIL_03_08733.jpg
321,,321,,,,,42,150,,,lapis,,,,,,http://db.edcs.eu/epigr/bilder.php?bilder.php?s_language=en&bild=$Legio-VII_00009.jpg
322,,322,,,,,1,100,,,lapis,,,,,,
323,,323,,,,,51,150,,,lapis,,,,,,http://db.edcs.eu/epigr/bilder.php?bilder.php?s_language=en&bild=$CIL_03_08737.jpg;$PF_CIL_03_08737.jpg;$PF_CIL_03_08737_1.jpg
324,,324,,,,,1,100,,,NA,,,,,,
325,,325,,,,,1,100,,,lapis,,,,,,http://db.edcs.eu/epigr/bilder.php?bilder.php?s_language=en&bild=$M_CIL_03_08739_1.jpg;$PF_CIL_03_08739.jpg;pp
326,,326,,,,,51,150,,,NA,,,,,,
327,,327,,,,,1,150,,,NA,,,,,,
328,,328,,,,,1,150,,,NA,,,,,,
329,,329,,,,,1,150,,,NA,,,,,,
330,,330,,,,,1,150,,,lapis,,,,,,http://db.edcs.eu/epigr/bilder.php?bilder.php?s_language=en&bild=$Legio-VII_00057.jpg;$PF_CIL_03_08760.jpg
331,,331,,,,,1,100,,,NA,,,,,,
332,,332,,,,,101,150,,,lapis,,,,,,http://db.edcs.eu/epigr/bilder.php?bilder.php?s_language=en&bild=$CIL_03_08762.jpg;$PF_CIL_03_08762.jpg
333,,333,,,,,1,150,,,NA,,,,,,
334,,334,,,,,42,100,,,lapis,,,,,,http://db.edcs.eu/epigr/bilder.php?bilder.php?s_language=en&bild=$CIL_03_08764.jpg;$Legio-VII_00064.jpg;$PF_CIL_03_08764.jpg
335,,335,,,,,1,100,,,NA,,,,,,
336,,336,,,,,42,150,,,NA,,,,,,
337,,337,,,,,42,100,,,NA,,,,,,http://db.edcs.eu/epigr/bilder.php?bilder.php?s_language=en&bild=PEC0008466
338,,338,,,,,1,100,,,NA,,,,,,
339,,339,,,,,1,100,,,NA,,,,,,
340,,340,,,,,101,150,,,NA,,,,,,
341,,341,,,,,42,150,,,NA,,,,,,
342,,342,,,,,1,150,,,NA,,,,,,http://db.edcs.eu/epigr/bilder.php?bilder.php?s_language=en&bild=PEC0009039
343,,343,,,,,42,150,,,NA,,,,,,
344,,344,,,,,1,100,,,lapis,,,,,,http://db.edcs.eu/epigr/bilder.php?bilder.php?s_language=en&bild=$PF_AE_1897_00104.jpg;pp
345,,345,,,,,1,100,,,lapis,,,,,,http://db.edcs.eu/epigr/bilder.php?bilder.php?s_language=en&bild=$Legio-VII_00082.jpg
346,,346,,,,,1,150,,,NA,,,,,,
347,,347,,,,,1,50,,,NA,,,,,,
348,,348,,,,,42,100,,,lapis,,,,,,http://db.edcs.eu/epigr/bilder.php?bilder.php?s_language=en&bild=$Legio-VII_00078.jpg
349,,349,,,,,1,50,,,NA,,,,,,
350,,350,,,,,1,150,,,NA,,,,,,
351,,351,,,,,71,71,,,aes,,,,,,http://db.edcs.eu/epigr/bilder.php?bilder.php?s_language=en&bild=$CIL_16_00014.jpg
352,,352,,,,,94,94,,,aes,,,,,,
353,,353,,,,,101,150,,,lapis,,,,,,
354,,354,,,,,1,150,,,lapis,,,,,,
355,,355,,,,,1,50,,,lapis,,,,,,http://db.edcs.eu/epigr/bilder.php?bilder.php?s_language=en&bild=$Legio-VII_00056.jpg;$PF_ILJug-03_02090.jpg
356,,356,,,,,1,40,,,lapis,,,,,,http://db.edcs.eu/epigr/bilder.php?bilder.php?s_language=en&bild=$Legio-VII_00004.jpg
357,,357,,,,,31,70,,,lapis,,,,,,http://db.edcs.eu/epigr/bilder.php?bilder.php?s_language=en&bild=$Legio-VII_00038.jpg
358,,358,,,,,42,70,,,NA,,,,,,NA
359,,359,,,,,51,150,,,lapis,,,,,,http://db.edcs.eu/epigr/bilder.php?bilder.php?s_language=en&bild=$PF_ILJug-03_02097.jpg;$PF_ILJug-03_02097_1.jpg;$PF_AE_1914_00075_1.jpg
360,,360,,,,,51,150,,,lapis,,,,,,NA
361,,361,,,,,51,150,,,lapis,,,,,,http://db.edcs.eu/epigr/bilder.php?bilder.php?s_language=en&bild=$Legio-VII_00050.jpg
362,,362,,,,,42,100,,,lapis,,,,,,http://db.edcs.eu/epigr/bilder.php?bilder.php?s_language=en&bild=$Salone-01_00004.jpg;$Legio-VII_00070.jpg
363,,363,,,,,42,100,,,lapis,,,,,,http://db.edcs.eu/epigr/bilder.php?bilder.php?s_language=en&bild=$Salone-01_00005.jpg;$Legio-VII_00051.jpg
364,,364,,,,,31,70,,,lapis,,,,,,http://db.edcs.eu/epigr/bilder.php?bilder.php?s_language=en&bild=$AE_1996_01215.jpg;pp
365,,365,,,,,42,57,,,lapis,,,,,,http://db.edcs.eu/epigr/bilder.php?bilder.php?s_language=en&bild=$Legio-VII_00041.jpg;$PF_AE_1991_01291.jpg
366,,366,,,,,9,42,,,NA,,,,,,http://db.edcs.eu/epigr/bilder.php?bilder.php?s_language=en&bild=$Legio-VII_00059.jpg
367,,367,,,,,117,150,,,lapis,,,,,,http://db.edcs.eu/epigr/bilder.php?bilder.php?s_language=en&bild=$PF_AE_2006_01013.jpg;$M_AE_2006_01013.jpg;$M_AE_2006_01013_1.jpg;$M_AE_2006_01013_2.jpg;$M_AE_2006_01013_3.jpg
368,,368,,,,,31,70,,,lapis,,,,,,http://db.edcs.eu/epigr/bilder.php?bilder.php?s_language=en&bild=$ZPE-222-279_1.jpg;$ZPE-222-279_2.jpg
369,,369,,,,,42,69,,,lapis,,,,,,
370,,370,,,,,37,41,,,lapis,,,,,,
371,,371,,,,,1,100,,,NA,,,,,,
372,,372,,,,,71,130,,,NA,,,,,,http://db.edcs.eu/epigr/bilder.php?bilder.php?s_language=en&bild=pp
373,,373,,,,,31,70,,,lapis,,,,,,http://db.edcs.eu/epigr/bilder.php?bilder.php?s_language=en&bild=$Legio-VII_00043.jpg
374,,374,,,,,1,100,,,lapis,,,,,,
375,,375,,,,,71,100,,,lapis,,,,,,
376,,376,,,,,101,130,,,lapis,,,,,,
377,,377,,,,,1,50,,,lapis,,,,,,http://db.edcs.eu/epigr/bilder.php?bilder.php?s_language=en&bild=$Legio-VII_00014.jpg;$PF_ILJug-03_01949.jpg
378,,378,,,,,1,40,,,lapis,,,,,,http://db.edcs.eu/epigr/bilder.php?bilder.php?s_language=en&bild=$Legio-VII_00020.jpg;$CLE_01876_1.jpg;$CLE_01876_2.jpg;pp
379,,379,,,,,51,70,,,lapis,,,,,,
380,,380,,,,,31,70,,,lapis,,,,,,
381,,381,,,,,1,150,,,lapis,,,,,,
382,,382,,,,,1,40,,,lapis,,,,,,http://db.edcs.eu/epigr/bilder.php?bilder.php?s_language=en&bild=$Legio-VII_00006.jpg
383,,383,,,,,1,42,,,NA,,,,,,http://db.edcs.eu/epigr/bilder.php?bilder.php?s_language=en&bild=$Legio-VII_00042.jpg;$AE_1995_01232_1.jpg;$AE_1995_01232_2.jpg
384,,384,,,,,101,150,,,lapis,,,,,,http://db.edcs.eu/epigr/bilder.php?bilder.php?s_language=en&bild=$Legio-VII_00067.jpg
385,,385,,,,,9,56,,,NA,,,,,,
386,,386,,,,,1,150,,,NA,,,,,,
387,,387,,,,,42,69,,,lapis,,,,,,
388,,388,,,,,40,41,,,rupes,,,,,,http://db.edcs.eu/epigr/bilder.php?bilder.php?s_language=en&bild=$CIL_03_09864a.jpg;$CIL_03_09864a_1.jpg
389,,389,,,,,42,60,,,lapis,,,,,,
390,,390,,,,,9,100,,,lapis,,,,,,http://db.edcs.eu/epigr/bilder.php?bilder.php?s_language=en&bild=$Legio-VII_00065.jpg;$PF_CIL_03_09712.jpg
391,,391,,,,,42,100,,,NA,,,,,,http://db.edcs.eu/epigr/bilder.php?bilder.php?s_language=en&bild=$Legio-VII_00040.jpg;$Dodig-01_00004_1.jpg;$Dodig-01_00004_2.jpg
392,,392,,,,,14,54,,,lapis,,,,,,http://db.edcs.eu/epigr/bilder.php?bilder.php?s_language=en&bild=pp
393,,393,,,,,51,150,,,NA,,,,,,http://db.edcs.eu/epigr/bilder.php?bilder.php?s_language=en&bild=pp
394,,394,,,,,31,70,,,lapis,,,,,,http://db.edcs.eu/epigr/bilder.php?bilder.php?s_language=en&bild=$PF_CIL_03_01812.jpg;pp
395,,395,,,,,1,40,,,lapis,,,,,,http://db.edcs.eu/epigr/bilder.php?bilder.php?s_language=en&bild=$Legio-VII_00016.jpg;pp
396,,396,,,,,1,50,,,lapis,,,,,,
397,,397,,,,,1,50,,,lapis,,,,,,
398,,398,,,,,1,100,,,lapis,,,,,,http://db.edcs.eu/epigr/bilder.php?bilder.php?s_language=en&bild=pp
399,,399,,,,,1,100,,,lapis,,,,,,http://db.edcs.eu/epigr/bilder.php?bilder.php?s_language=en&bild=$D_02597.jpg
400,,400,,,,,1,100,,,lapis,,,,,,
401,,401,,,,,1,100,,,lapis,,,,,,
402,,402,,,,,1,100,,,lapis,,,,,,
403,,403,,,,,71,130,,,lapis,,,,,,http://db.edcs.eu/epigr/bilder.php?bilder.php?s_language=en&bild=$PF_ILJug-02_00653.jpg;pp
404,,404,,,,,1,150,,,lapis,,,,,,
405,,405,,,,,70,86,,,opus figlinae,,,,,,
406,,406,,,,,1,100,,,lapis,,,,,,
407,,407,,,,,1,40,,,lapis,,,,,,http://db.edcs.eu/epigr/bilder.php?bilder.php?s_language=en&bild=$Legio-VII_00001.jpg
408,,408,,,,,-27,-25,,,lapis,,,,,,http://db.edcs.eu/epigr/bilder.php?bilder.php?s_language=en&bild=pp
409,,409,,,,,18,19,,,NA,,,,,,http://db.edcs.eu/epigr/bilder.php?bilder.php?s_language=en&bild=$M_CIL_03_02908.jpg;pp
410,,410,,,,,1,150,,,NA,,,,,,http://db.edcs.eu/epigr/bilder.php?bilder.php?s_language=en&bild=$JL_EDCS-28400161.jpg;$M_CIL_03_02910.jpg;pp
411,,411,,,,,1,50,,,NA,,,,,,
412,,412,,,,,1,150,,,NA,,,,,,http://db.edcs.eu/epigr/bilder.php?bilder.php?s_language=en&bild=pp
413,,413,,,,,1,100,,,lapis,,,,,,http://db.edcs.eu/epigr/bilder.php?bilder.php?s_language=en&bild=$M_CIL_03_02913_1.jpg;$M_CIL_03_02913_2.jpg;$Legio-VII_00007.jpg;pp
414,,414,,,,,1,40,,,NA,,,,,,
415,,415,,,,,-30,9,,,NA,,,,,,
416,,416,,,,,1,150,,,NA,,,,,,
417,,417,,,,,102,130,,,NA,,,,,,http://db.edcs.eu/epigr/bilder.php?bilder.php?s_language=en&bild=$CIL_03_02917.jpg;$D_02647.jpg;$M_CIL_03_02917_1.jpg;$M_CIL_03_02917_2.jpg;$M_CIL_03_02917_3.jpg;$M_CIL_03_02917_4.jpg;pp
418,,418,,,,,31,100,,,NA,,,,,,
419,,419,,,,,1,100,,,NA,,,,,,
420,,420,,,,,1,50,,,NA,,,,,,http://db.edcs.eu/epigr/bilder.php?bilder.php?s_language=en&bild=$M_AE_1961_00303.jpg;pp
421,,421,,,,,1,150,,,NA,,,,,,
422,,422,,,,,1,50,,,lapis,,,,,,http://db.edcs.eu/epigr/bilder.php?bilder.php?s_language=en&bild=pp
423,,423,,,,,71,79,,,lapis,,,,,,
424,,424,,,,,14,50,,,NA,,,,,,http://db.edcs.eu/epigr/bilder.php?bilder.php?s_language=en&bild=$M_Lupa_23286_1.jpg;$M_Lupa_23286_2.jpg;pp
425,,425,,,,,,,,,opus figlinae,,,,,,
426,,426,,,,,,,,,opus figlinae,,,,,,
427,,427,,,,,,,,,NA,,,,,,http://db.edcs.eu/epigr/bilder.php?bilder.php?s_language=en&bild=$Legio-VII_00076.jpg
428,,428,,,,,,,,,opus figlinae,,,,,,http://db.edcs.eu/epigr/bilder.php?bilder.php?s_language=en&bild=$Legio-VII_00100.jpg
429,,429,,,,,,,,,opus figlinae,,,,,,http://db.edcs.eu/epigr/bilder.php?bilder.php?s_language=en&bild=$Legio-VII_00101.jpg
430,,430,,,,,,,,,opus figlinae,,,,,,http://db.edcs.eu/epigr/bilder.php?bilder.php?s_language=en&bild=$Legio-VII_00102.jpg
431,,431,,,,,,,,,opus figlinae,,,,,,http://db.edcs.eu/epigr/bilder.php?bilder.php?s_language=en&bild=$Legio-VII_00103.jpg
432,,432,,,,,,,,,opus figlinae,,,,,,http://db.edcs.eu/epigr/bilder.php?bilder.php?s_language=en&bild=$Legio-VII_00104.jpg
433,,433,,,,,,,,,opus figlinae,,,,,,http://db.edcs.eu/epigr/bilder.php?bilder.php?s_language=en&bild=$Legio-VII_00105.jpg
434,,434,,,,,,,,,opus figlinae,,,,,,http://db.edcs.eu/epigr/bilder.php?bilder.php?s_language=en&bild=$Legio-VII_00106.jpg
435,,435,,,,,,,,,NA,,,,,,http://db.edcs.eu/epigr/bilder.php?bilder.php?s_language=en&bild=$REMCacak_00002_1.jpg;$REMCacak_00002_2.jpg
436,,436,,,,,,,,,NA,,,,,,
437,,437,,,,,,,,,NA,,,,,,
438,,438,,,,,,,,,lapis,,,,,,
439,,439,,,,,,,,,lapis,,,,,,
440,,440,,,,,,,,,NA,,,,,,
441,,441,,,,,,,,,NA,,,,,,
442,,442,,,,,,,,,NA,,,,,,
443,,443,,,,,,,,,NA,,,,,,
444,,444,,,,,,,,,NA,,,,,,
445,,445,,,,,,,,,NA,,,,,,
446,,446,,,,,,,,,NA,,,,,,
447,,447,,,,,,,,,NA,,,,,,
448,,448,,,,,,,,,NA,,,,,,
449,,449,,,,,,,,,NA,,,,,,
450,,450,,,,,,,,,NA,,,,,,
451,,451,,,,,,,,,NA,,,,,,http://db.edcs.eu/epigr/bilder.php?bilder.php?s_language=en&bild=$REMCacak_00007.jpg
452,,452,,,,,,,,,NA,,,,,,http://db.edcs.eu/epigr/bilder.php?bilder.php?s_language=en&bild=$REMCacak_00009.jpg
453,,453,,,,,,,,,NA,,,,,,http://db.edcs.eu/epigr/bilder.php?bilder.php?s_language=en&bild=$REMCacak_00011.jpg
454,,454,,,,,,,,,NA,,,,,,http://db.edcs.eu/epigr/bilder.php?bilder.php?s_language=en&bild=$REMCacak_00018.jpg
455,,455,,,,,,,,,opus figlinae,,,,,,http://db.edcs.eu/epigr/bilder.php?bilder.php?s_language=en&bild=$REMCacak_00044.jpg
456,,456,,,,,,,,,lapis,,,,,,http://db.edcs.eu/epigr/bilder.php?bilder.php?s_language=en&bild=$ZPE-207-279.jpg
457,,457,,,,,,,,,opus figlinae,,,,,,http://db.edcs.eu/epigr/bilder.php?bilder.php?s_language=en&bild=$Legio-VII_00111.jpg
458,,458,,,,,,,,,opus figlinae,,,,,,http://db.edcs.eu/epigr/bilder.php?bilder.php?s_language=en&bild=$Legio-VII_00113.jpg
459,,459,,,,,,,,,lapis,,,,,,
460,,460,,,,,,,,,NA,,,,,,
461,,461,,,,,,,,,NA,,,,,,
462,,462,,,,,,,,,NA,,,,,,
463,,463,,,,,,,,,NA,,,,,,
464,,464,,,,,,,,,gemma,,,,,,
465,,465,,,,,,,,,gemma,,,,,,
466,,466,,,,,,,,,aes,,,,,,
467,,467,,,,,,,,,plumbum,,,,,,
468,,468,,,,,,,,,opus figlinae,,,,,,
469,,469,,,,,,,,,opus figlinae,,,,,,
470,,470,,,,,,,,,NA,,,,,,
471,,471,,,,,,,,,NA,,,,,,
472,,472,,,,,,,,,lapis,,,,,,http://db.edcs.eu/epigr/bilder.php?bilder.php?s_language=en&bild=$PF_FRMEC-106.jpg;$M_FRMEC-106.jpg;pp
473,,473,,,,,,,,,opus figlinae,,,,,,http://db.edcs.eu/epigr/bilder.php?bilder.php?s_language=en&bild=$Legio-VII_00112.jpg
474,,474,,,,,,,,,opus figlinae,,,,,,http://db.edcs.eu/epigr/bilder.php?bilder.php?s_language=en&bild=$Legio-VII_00114.jpg
475,,475,,,,,,,,,opus figlinae,,,,,,http://db.edcs.eu/epigr/bilder.php?bilder.php?s_language=en&bild=$Legio-VII_00115.jpg
476,,476,,,,,,,,,opus figlinae,,,,,,
477,,477,,,,,,,,,opus figlinae,,,,,,
478,,478,,,,,,,,,opus figlinae,,,,,,
479,,479,,,,,,,,,gemma,,,,,,
480,,480,,,,,,,,,opus figlinae,,,,,,
481,,481,,,,,,,,,NA,,,,,,
482,,482,,,,,,,,,NA,,,,,,
483,,483,,,,,,,,,opus figlinae,,,,,,
484,,484,,,,,,,,,lapis,,,,,,
485,,485,,,,,,,,,lapis,,,,,,http://db.edcs.eu/epigr/bilder.php?bilder.php?s_language=en&bild=pp
486,,486,,,,,,,,,NA,,,,,,
487,,487,,,,,,,,,NA,,,,,,
488,,488,,,,,,,,,NA,,,,,,
489,,489,,,,,,,,,lapis,,,,,,http://db.edcs.eu/epigr/bilder.php?bilder.php?s_language=en&bild=pp
490,,490,,,,,,,,,lapis,,,,"cf. CIL 03, 02832",,
491,,491,,,,,,,,,NA,,,,,,
492,,492,,,,,,,,,gemma,,,,,,
493,,493,,,,,,,,,gemma,,,,,,
494,,494,,,,,,,,,opus figlinae,,,,,,
495,,495,,,,,,,,,opus figlinae,,,,,,
496,,496,,,,,,,,,opus figlinae,,,,,,
497,,497,,,,,,,,,opus figlinae,,,,,,http://db.edcs.eu/epigr/bilder.php?bilder.php?s_language=en&bild=$FRMEC-100.jpg
498,,498,,,,,,,,,NA,,,,,,
499,,499,,,,,,,,,NA,,,,,,http://db.edcs.eu/epigr/bilder.php?bilder.php?s_language=en&bild=pp
500,,500,,,,,,,,,NA,,,,,,http://db.edcs.eu/epigr/bilder.php?bilder.php?s_language=en&bild=pp
501,,501,,,,,,,,,NA,,,,,,http://db.edcs.eu/epigr/bilder.php?bilder.php?s_language=en&bild=pp
502,,502,,,,,,,,,NA,,,,,,http://db.edcs.eu/epigr/bilder.php?bilder.php?s_language=en&bild=$Legio-VII_00081.jpg
503,,503,,,,,,,,,NA,,,,,,
504,,504,,,,,,,,,opus figlinae,,,,,,
505,,505,,,,,,,,,NA,,,,,,
506,,506,,,,,,,,,NA,,,,,,
507,,507,,,,,,,,,NA,,,,,,
508,,508,,,,,,,,,NA,,,,,,
509,,509,,,,,,,,,opus figlinae,,,,,,http://db.edcs.eu/epigr/bilder.php?bilder.php?s_language=en&bild=$Legio-VII_00107.jpg
510,,510,,,,,,,,,lapis,,,,,,
511,,511,,,,,,,,,NA,,,,,,
512,,512,,,,,,,,,NA,,,,,,http://db.edcs.eu/epigr/bilder.php?bilder.php?s_language=en&bild=pp
513,,513,,,,,,,,,NA,,,,,,
514,,514,,,,,,,,,opus figlinae,,,,,,
515,,515,,,,,,,,,NA,,,,,,
516,,516,,,,,,,,,NA,,,,,,
517,,517,,,,,,,,,opus figlinae,,,,,,http://db.edcs.eu/epigr/bilder.php?bilder.php?s_language=en&bild=$Legio-VII_00108.jpg
518,,518,,,,,,,,,opus figlinae,,,,,,http://db.edcs.eu/epigr/bilder.php?bilder.php?s_language=en&bild=$Legio-VII_00109.jpg
519,,519,,,,,,,,,opus figlinae,,,,,,http://db.edcs.eu/epigr/bilder.php?bilder.php?s_language=en&bild=$Legio-VII_00110.jpg
520,,520,,,,,,,,,NA,,,,,,
521,,521,,,,,,,,,opus figlinae,,,,,,
522,,522,,,,,,,,,lapis,,,,,,http://db.edcs.eu/epigr/bilder.php?bilder.php?s_language=en&bild=$M_ILJug-03_02095_1.jpg;$PF_ILJug-03_02095.jpg;$PF_ILJug-03_02095_1.jpg
523,,523,,,,,,,,,NA,,,,,,
524,,524,,,,,,,,,NA,,,,,,
525,,525,,,,,,,,,NA,,,,,,
526,,526,,,,,,,,,NA,,,,,,
527,,527,,,,,,,,,NA,,,,,,
528,,528,,,,,,,,,NA,,,,,,
529,,529,,,,,,,,,NA,,,,,,
530,,530,,,,,,,,,NA,,,,,,http://db.edcs.eu/epigr/bilder.php?bilder.php?s_language=en&bild=$Legio-VII_00086.jpg
531,,531,,,,,,,,,NA,,,,,,http://db.edcs.eu/epigr/bilder.php?bilder.php?s_language=en&bild=pp
532,,532,,,,,,,,,lapis,,,,,,http://db.edcs.eu/epigr/bilder.php?bilder.php?s_language=en&bild=$PF_Lupa_24662.jpg;$Lupa_24662_2.jpg;pp
533,,533,,,,,,,,,opus figlinae,,,,,,
534,,534,,,,,,,,,opus figlinae,,,,,,
535,,535,,,,,,,,,opus figlinae,,,,,,
536,,536,,,,,,,,,opus figlinae,,,,,,
537,,537,,,,,,,,,NA,,,,,,http://db.edcs.eu/epigr/bilder.php?bilder.php?s_language=en&bild=pp
538,,538,,,,,,,,,NA,,,,,,http://db.edcs.eu/epigr/bilder.php?bilder.php?s_language=en&bild=pp
539,,539,,,,,,,,,NA,,,,,,http://db.edcs.eu/epigr/bilder.php?bilder.php?s_language=en&bild=pp
540,,540,,,,,,,,,NA,,,,,,http://db.edcs.eu/epigr/bilder.php?bilder.php?s_language=en&bild=pp
541,,541,,,,,,,,,NA,,,,,,http://db.edcs.eu/epigr/bilder.php?bilder.php?s_language=en&bild=pp
542,,542,,,,,,,,,NA,,,,,,http://db.edcs.eu/epigr/bilder.php?bilder.php?s_language=en&bild=pp
543,,543,,,,,,,,,NA,,,,,,http://db.edcs.eu/epigr/bilder.php?bilder.php?s_language=en&bild=pp
544,,544,,,,,,,,,NA,,,,,,http://db.edcs.eu/epigr/bilder.php?bilder.php?s_language=en&bild=pp
545,,545,,,,,,,,,NA,,,,,,http://db.edcs.eu/epigr/bilder.php?bilder.php?s_language=en&bild=pp
546,,546,,,,,,,,,NA,,,,,,http://db.edcs.eu/epigr/bilder.php?bilder.php?s_language=en&bild=pp
547,,547,,,,,,,,,NA,,,,,,http://db.edcs.eu/epigr/bilder.php?bilder.php?s_language=en&bild=$M_Lupa_23279_1.jpg;$M_Lupa_23279_2.jpg;$M_Lupa_23279_3.jpg;pp
548,,548,,,,,,,,,lapis,,,,,,http://db.edcs.eu/epigr/bilder.php?bilder.php?s_language=en&bild=$M_Lupa_23284_1.jpg;$M_Lupa_23284_2.jpg;$M_Lupa_23284_3.jpg;pp
